path,address,public key,private key
m/44'/0'/0'/0/0,1Q4JTdmXeeifD2ErfVJLA76LSk5KWahbXE,023f916a516e1938c47ed8cc2d7eafd43e6f25e2d619bfb5d7c97f2e451ae89458,L1zSFtde61PZDq2NrRsN8ohGuPGeFQvCTCHfGoQuS2CuoBJpQhDD
m/44'/0'/0'/0/1,1MJ7apkFsZh1K5DGWu2oN2dU8hpVwY5t3p,0365a6d5e55227adf9ce47bfeae2ca90dd330b557495ce475032410ec7f36783bd,L27D5PzcJ6BaKqrQnzUpQyhfiAKZD3qTKi2DdeCDXRHsFwLszFQw
m/44'/0'/0'/0/2,1BWT13LHz6ePUUvFE6AUUVA6LWbZqFcSJj,02bc9a33c9ab91992de1c1e680bd6dab98860dc9f9f8cd54fa27c833e760c3c096,L5K99Fy3832mmMcrSP7dFBd2m2n5bRykjDNmwnCoYiiRju3nEgUt
m/44'/0'/0'/0/3,13d3FiKR19bKJ6m46WcuAiQ3KVArfprWBM,0224c8ceb8992fa7cceac1319cfd719c45435e14ee073ea0cfd6a7cfaecf7b15d4,KxGdLbtVLKs4bMLaivudgGEUAPXrX1tGuZnHKKUnPKsB2kN9Fv4v
m/44'/0'/0'/0/4,1HRJVd1wxNL6LJtZCDYxsKYq65igYLRieX,020e470d58f5c12271863396dcf8d9b51c99ed2951c482de8446e6b7d00cf6d49c,L4BFfg69PxVdq2zM22jnsZdxWuueUV8rTwA9Bdf7gUqbuc4cXPFd
m/44'/0'/0'/0/5,18z8ygbsiv4KjxwSz9o2sbTZy32wKbUsif,021c8c82e41cb2ac6fff5c636476e86f2541a8e9a6b5e0ca4922f9f32662ec2169,KzyMsgvG3ABReM6JT3GdFbpJksrmvCqzjN3FV1nCsjKqhcv8DkBA
m/44'/0'/0'/0/6,1JfVMqBfBdgjdGSr2DiUKNvqtLtc25XBgS,03639106e5dacae2f8a0b7df4313cac34779513646dafc4be911852650aafedab9,L1kBMzq6yQCXatMSE6SKhgZqSrVrkSWeo2povvVRtE1LzCLRi7S8
m/44'/0'/0'/0/7,1opL3YfLX6WygKZDWK1oKfjfPmScZ3rbC,0369a61ae03617187b7a104595b79d6570ed3aee03c199034318078482eb0f5824,KyZBKN8b9FzxHa7hbrfM5u1SwVMXddnKJwLbdXRP1XQhTZzzPqcJ
m/44'/0'/0'/0/8,15uBR87T4F3QMTTuum4rY612rVjDK1Y4jN,03c2d71ef3be8240552d6a346d01ef7a7658d2fd2a483361b9838b2a6d669e3b4c,KwpVfAfbbYVLrPwcFFk3nS5Lr3xMUsGyQaSc4Xhyw9UfhTmGLG96
m/44'/0'/0'/0/9,1HcA5sRCCPUj65bfiHTraGywNLkerwkzDZ,0264a7eda3ecc6a51828f0b841c14efc898b55b03e1a41b08d12e8549a2ef32372,KwfcYDG7N3RfnTLWeRGiAj5gzvSspRZpQz4cvPiLdi2XSuke6zfa
m/44'/0'/0'/0/10,1Q7hv7NzkQ2s9mwdwDH5ZsgNHfZdpcxcaV,0386d9d53d06be5da357e9f300f482831faeb7c26fb7e235330b50d070ba985dd3,L182d9XxopgmqQX4sch18TGBjAnsdGknajCQjAsfuK4wXPaQihBy
m/44'/0'/0'/0/11,1q8aPVgafkncmpsaYX1hyoQUuyM1b4qGn,0229930de0651990dcb0a3c69f0007884da73afd084c8a6cf3802a0de2fdcb4634,KwqgfpJuRbb5wzWy5wnWX12cCuW28K9N6ZHYYtTo3SDyRnxYE4ur
m/44'/0'/0'/0/12,1NZ3HovtS7jkPhhdo9wv4ikJLBcQxLkgvP,0378cc915180bd20e8156033904a8aa89862e2e51047f646e593599e5c9d72b3bb,L1cKrwsgEiE5CT5rd99C7f5Per3XGFGCb79Kb5hMRbeUkRYT1g7i
m/44'/0'/0'/0/13,13LhWqsXt24AbdBMaWR1eL2YJSMninidr3,0308dba9ee78bc40435b47023e30f413d9294d0eb8f36c0d2231c2b9148c6ded59,L4WxESJX1JEgWFWuVYtD9PAKvMGUSeiu2atscZppymQA37YQg1u4
m/44'/0'/0'/0/14,1NinhWcQV77BEArHmdqNqmS2NVZYnTXffw,039551f54458291a0df14012a89e2f1d1f7bd2ce5cbad31ebc87f62392e76a38e7,L3mziV4vGxSJ2dXLUCpNqmbmGQSnetiH8X1yqHrrKYPue4Xn1kKE
m/44'/0'/0'/0/15,1PbBYcxgCssoczoKYcMM3gUV8CPEL2aUYB,03ab3c1b7a768208282f7749f4cb0a33a98430c9c4482600860a513ff26f28916a,KxEt9pyTjRMmPFCsBNuyA3Eqj8NPkeaHaZhJHamxdeMkVVtZM1E8
m/44'/0'/0'/0/16,1RNCwJGSf2oQdCd3nVG93xPLGGWtoVfqe,02e1b573c17bf40a5966dd0444981874a899142faeb7fccf24664ad9a2e3ce089a,KwXBvbNbhZyTwfrhwyeh3U3uWyAXoGRSb5AopG7CyvNtQbpG9oy3
m/44'/0'/0'/0/17,1MNRyYCFqKDnj3BXGkBoTmNPJLdoW3uE2i,03e548a0f8e8014281151d4e2fbfa5b09eb96b60b78e639fdf89ce51e69b6dacb2,L14cYwXoPQLqryh3W7NAhN2eSiyhWYc5Dk3kPzxdgyvzGKXXxDMj
m/44'/0'/0'/0/18,1BDmc99uSn9bxueL7c6Hyp4E8ozHMYX56D,035257f45f657d5db1102e9f1f8e4045a125b632a0b02130ff0d2edcdddda8e6aa,L1F3JRhiPyv64DwGJMpZ6dhxiwpDvpp1FmPpp9WPtRcgR5XiqPSo
m/44'/0'/0'/0/19,168EXNJeLi96YULX3s9zvLfn8iPvhGvLSg,025e327f7377e2c3798179e06a932d078df0672efeddf9f31dc8e196250749ae12,Kyc81unQpSQf1tv3PE9U93Vo7EXrr92mAUpdbWqkhC4UdDoDasx1
m/44'/0'/0'/0/20,1Bho3mNR1Zi5MEr4LYCTrZY3pXRMoEnx1s,03adb50e7be41a6a678b93a597b7f6223f5b7c9ab3a4b8b91626f4270c5f9f64ce,Kybj1UrTKxx9b3YdV3FXKpQjDkprBzeq7u5KkKBxjzZrCVFQ3CBi
m/44'/0'/0'/0/21,15ZkLZHHWN2EVfWaJ6Z8T7qJDWKRrR3SZs,0248886fedaeda814d8a3b17b5d61b6292219f5e7fe52c1e877bc871b2189b6e54,L3KShcoJb6mP2QySSYtBSZUhVSsqpmAEXM2oYnj8d5WD8qrPoqSR
m/44'/0'/0'/0/22,1BeAjHWRniZCzBHco8u72LQPyr3dWM51M4,03ec8dd0ba36704a2df3e3930a5a59a3d767e286467ac8298305469d09d0691f5d,L5UA4qECy2t4MreoNnSxDDktygRmRmtDHQxZsAEhhHdRJEFYXEBn
m/44'/0'/0'/0/23,1LFYhLsVkvqMod8XbxwxEyAUSBcqyCszgp,03b3315baed85e482df58934b5512f55790d8e37e7cc9436a2d2a9b6b434ab3d61,KxzHfbbF2Zzq4wRmyVeNRYEPcdhGRLr7HYNETikESK7u4XHgj2qS
m/44'/0'/0'/0/24,1ADWBXzgjw3JcNh8uZtwKuoVAFAsAtw4Bc,03fca8e194d3f89c77b539d9c741a2b1907d3dc19d2b38d34a6af34ebe4273ef84,L4kD84kcJWnr7rx2PN3i4RBF56bL34DFQSxvdhSFTkqxC4qNq9si
m/44'/0'/0'/0/25,13h43xehdGM5dzPcdVfiihsMdXNeBqsmfU,026523e948c07476532bb2cb2023a3f7057b064e7c11d66659275bb99f13c1c081,Kxw8wZvrvau7YMGdPgJ2uKMqcXd2txXH8gi9Pzv136KMx2nsPnRt
m/44'/0'/0'/0/26,1PHRHxDf49EapzRty8tci1uWg9PTMf3vVb,02a6dbe0f80cda5a6237ebd1fe9815f316e85c595e7adb2f4be2acf4b903011dda,L4f6veJWJe279d2RosHxuSqr1LxVdMJ9nJRi6Tue1G7djz65QgB9
m/44'/0'/0'/0/27,16T73yvpZLsuwYiMrHvFbvGQKN4PckAjxE,03c9b9724f53a5b79db2a5b17c405e56cca10f3cd47a06a9fe96c10419a542304e,KzmiNJmRdSNWZu7NRmc6GUJT4TrzzcfKA1d6FFygbZWoXZ3B8Jua
m/44'/0'/0'/0/28,1PidDoHMeYukdDvtxMjbi33m2QbiApM5vP,02256ce7f4b89a38c90834adeebd91b7d3037f271b861884e764cc604c81c957d8,KzRo12bP9QW6sYHvoaLBpbUC6fRVX4t1PPYg4YvSJTadYNGPNSBY
m/44'/0'/0'/0/29,142qDCu5YyZFSs45kG2Ev7rSet8Z7caygf,0317eda5a6d6e3664cca9d46c87a7e4f5b7000215f3efaadf4f0f6bf316a5fe398,KwFkf5VPeqC4NdMHwz4bebwkpGXmNWhFqfmSgiYtVYhAeriE1ctn
m/44'/0'/0'/0/30,136AsDFxkfuGQCHhKhpcdWW6XfKNVPv4Yd,020b961e2baa78f7d093bd134c08fa47787423f63e5034e733aa75c656bcf9a6ab,KwPvxvzDieG3tKzXfDrvfUeudo8mnQAzgHH1B5cNSw7meJzgVtKe
m/44'/0'/0'/0/31,12ZKfb1PRBdsKX1mH8dSZgUPYEPPKv6yKy,03c5540511ff3d1892b075ac7f46f8b68d96df8737d0e6dda5484e4082c58df694,Kxz3Sv1QQf6JS1fGzmbZfA52gpfXorXiptk9hkKkTL9PGJ43FHwA
m/44'/0'/0'/0/32,15airnunVUfanYodqzDNt7gsnqHVcHLjTK,03650fd9077fa9cc5da4f62faf45019e49a8f22aafa33720b464de4f67a379d9d6,L1wMy3n5TdU6efAbt5sH6ZztnfzTywa5mG7tRF3sEM8UWFsQhFRe
m/44'/0'/0'/0/33,1KUsZQua1rXkbUeYHR2hsbaEgqemaiYCod,032d32a269ae3fec8b41bb77478a2db1b30e13f6a86d4a16ff1b063b42b8a1a5b1,KwVKxcKcZcFB3mrtJkhyTBGjdQ367PMLBiZjaXmp2fFShAbC3h9v
m/44'/0'/0'/0/34,1KBbdhQX9pSDLsbE1gq6od1PNuTQvRDMWF,028467b25263cd68795ed0afed70e5967f2ff68b2b17d2c3dee52deee8a30c9287,L1F9LDFneQXhKYZfzMmH5hXQiZy1523PaneBKJkCXGm3mp4nUUFP
m/44'/0'/0'/0/35,16XGtunTuDKAHDhWkmD4fHNVC1sY1xYU2B,02fdec6a94c4311cc26191eb160d29a132f53d60f6c0f6c495fa182c99d95b5dee,KxVEMiM22uqwFfVk5H2a7jTvmgozWSBM56aH8s5aQfVJ2viTnmNT
m/44'/0'/0'/0/36,1FDkUJWoE2WiBKxukwLCHKn1fK3LaMfYvq,0386789497be6dec344eee1bed7c94c1084d03e517b7a74cef2974a53122b78556,KxYHpmZxvFAZhebatc9vJv8DX99PXAGSo5wSKBjg4takB9Z7hLsc
m/44'/0'/0'/0/37,1Ec3BhwyfAhZs5qMRa36CLV8tBDsuyWb9k,03a67339c48a81b0e8144fa7f2b65a77e7ffe53923cf7dee24ba5bdf1612e9870e,KwxjZZhKrjuRtbx4MsAncdFH2rR5bfDTTE3b8WdRzTYnBQfMmYhM
m/44'/0'/0'/0/38,1P6U41TxLKYXfahLpziBpsua2oBHSYD8ky,027d6b448e0b73f423de8ae22e7343c4a7474a9a0c1bed50fcc8ed1aa74ed0fd2a,L3tFKv4DYkyYVQQR59zzKz8VCJoibjEBy5g6Lqz5ZtJs72xX6ZT8
m/44'/0'/0'/0/39,1BG6mJ62Pyy6uCKfk73NvRT682imiddr9W,024066f7de7d3fc55bb466c94bb033495e4e9128351c3d8862462196a4f774e9e1,L2Jup7y5HcEEc4H2a2eS6XRWFUnFvbKfNjY8xcfH4EwADeknVoEe
m/44'/0'/0'/0/40,1CNpMCgzSjrqsq6SxFfW2VwHiTsvUbPFUy,022f1cace36d236d9d29f1dbec73ae97a7c601e45b4ed447ea7e8cb60f74cb0bf8,L4RzVFueun9iQWxb8CNWYoNzUpEhdHZcv5rfP9Sy19WzKCw6beo1
m/44'/0'/0'/0/41,1Lu7CkXeSsUuNTykoHzDXtfiXfFM1vwqTs,0240c017747a11e2164b48d336df0a772df1d5c9310b42c9f1493f436fba85457c,L5C43chuTAMK6sXuPfS2NMEEXfNAmaWUHxcUVqGqRZT81StbFKoK
m/44'/0'/0'/0/42,1G2fvAa3SkZc2aznsVJVR6TJP6QwAWoCq7,0373445d37572d625aa70b70e92a7676051d5b91da9d989fb3c03fe489b36f48e6,L1ScBgE4zwksQ3g2aEdHji8cfPybuNeLL7biMmvwgT9FUz3NYhP5
m/44'/0'/0'/0/43,16rnJ4mucfm8vV6MzEQ9XWjFx4eTDePMGm,02b6a508ca2d6eaa6bde5879875a764bf16e405ed4d3a0a5bc85da7f407f4d4b29,L5dn45w1VP7i8KrTDFsKCeY2ZHb8587ZrbxpEgRRHdaWsMhdXYwg
m/44'/0'/0'/0/44,12hE6mAwVQDs4wx8Ncv8PnTvNBoYni2m7f,02cfe8964755fdf666c0d1bc808816a1ca62e03217a984d17673f5b55ac1faff64,Kx9BZWveVPZRirTFvSN7MsiYSht6YB9FgiNgLkeNaxgm2JQP4vWr
m/44'/0'/0'/0/45,193Sx8Jzk5aBU1xj4VKJ9UrmLGqdrtW2FT,0247f4980d8c6cb985082d115976461ffa9a5840c570e72586a37120c4af04ce8c,L1mncpnQGedA68jJTRvJhGtbYEHvu6y19bYirNwHc6JKdGceJpKo
m/44'/0'/0'/0/46,17V7fRGgUjVGr34D1bK5pdxAEJHtvzfdzo,03d0b2c8b61a60dd8d1c1af692441baa6cf0179325b53c3a73ffdbbcc90a494387,L3q4Q7yAua3CevH3kNzDTqumew3fMLAh8DiQEybrzeJ58GYUJYak
m/44'/0'/0'/0/47,1LjqKbai1KhQDnf35VmC3VfsacdinKrZtG,02e5ddde7e1cf633a6e6413376e94fe49026f20cf0168ab02de6aea964ba758dc2,L2qmk9xFtnYtV86hvrBghXF9rWZCWZY5jxzwi92GTRLGcoVoUh6X
m/44'/0'/0'/0/48,1Kc4C7SByMdgPEXEEUdNRnXBupzmd1fHGG,02c53a455d0917f61574647e725c23df4535cad7c5f54d7949d18e3a781faedee7,L51vMU8P9zFmeincPjvCXdwAk7dUDKFY6x2iJWSUHRu4KHK8GzJU
m/44'/0'/0'/0/49,16RKkkVZJpWPSed7G934qF6ALsH9rzAqLF,032f71362f6d032e24c96c95d1737beaae56e602632b8bbce4b14c36d6a4318975,L1QkakN74b9K5ovhSfU8Uz44VBtAq8qhefGmqu8SjUSA2eb2Njxa
m/44'/0'/0'/0/50,1A6A96aF1UauZe73esvJfpqYDSxkrT3ffW,0380fd4ccafbe5358b8189eb9c48dd7c3dd8283e0ffb3b1940e1b6ef931dfb6af5,KzCbkJ2GQaW6fppEKC5BoBDHCYr5xfHkLNW1vic55ZzppjWEk14K
m/44'/0'/0'/0/51,1LhiR4U8n6T2Qfwu3WzqbDpCrR5N2dqm9U,0225c1cd873d5d468e50b87c6c1230c81273a5496edb4253ca2b5c2307b485b2ef,L1abUowEPU55p9ry7q7J1aYcqNgQRNvU3vMpNj2gWg87hxCsAcZE
m/44'/0'/0'/0/52,12Dx3ypuyUrE9B92asyeCJyxue2mPLVsZi,02e16482217f06608b464b01a0b4147391dd1da71e9c9b5ba6ecece14094899a0b,KxpBu1tMJtQvda8hD533bUbnyubxqiHSYsbLigYFuaLoexuhQQJx
m/44'/0'/0'/0/53,1NLqxsCbFs5g7jf9n5tSSw3wU6vFaxwSTh,02946cba0d031569951ae4ae3c743d1c683b0a2637a1a87bdfecc9b900c0993891,L2BsRyKigtpZ9Uear7SY64iSGi5dAH44UuiyBfdkzG1ZAscqA86Z
m/44'/0'/0'/0/54,1H4wYpB8SnrbmPtueYPAEimKjjH5JkzjEL,02479d48ad5dd6169537640db2fb61642eb66f3f8c199a08e6e08d46c024bf1dc2,L1mmMjQQXWmdPSsHmCqP494NzPXhyZjrJrya5QyNsvLTpnYEN8KN
m/44'/0'/0'/0/55,1LasExxyzpJmnAVfqNAc8vgkjngB5XcW6s,035a2abf87778c4a36d5e853f354d12d1242b0e78d22eb347a4eaf21bea2efc7d0,Kya6uxxYDcLGCTUjAoLgAR1Kthrv5iYQprfuX5aCbeHD6RX27UBy
m/44'/0'/0'/0/56,17w7BwuDKxVAZPiFqtkoXyR5vm3Jz96Zh3,02d2a8b05f8233c933fee07d6c4b25d64629338141dd2d588dd7d63e1d6cbb71ca,KwRXgk9xk81Y6L2BZnyaVPUEY6MbmeW5VBRfSnx5ziFqz3D7oASP
m/44'/0'/0'/0/57,1F1nTRXw5DEz3Q5Nyh1GJiueDHt2BtSefx,031e5c145e1cd0abbebcd5040d7874f2b9cdcacb264dc05c3f829d0e6da811abb0,L4ZQoNvYoKCkN87XNrGK7qWKSNrBiFsygxDuv7ErttLxr9sqVAL2
m/44'/0'/0'/0/58,1A9Mjjc7WP6q96ooFsuugwsN3kDziMgqyS,020e23dd969f00df680d91a50008bbe6f26a0bb0becd2ce3a20610eee5bf10fe0c,L4STMf1pQMsdqkKcazGVNuFBvsBDmYGSpx5gMBwjrBXeqboumfGK
m/44'/0'/0'/0/59,12xtNrZ5TKbKkEqkB9pj53CukNihg3XnCv,027aa4a380f4111e55ffa0dddf6925d8e7a9fff8919f921934b2854be3b6ebefad,KzB71nPokK1gtT7kvb9NY9rgwe6g6bpCfqTpRQGHYmVq49aqbkzp
m/44'/0'/0'/0/60,1SDxmL8dnX81fU3rNLsZkCS7ZEJjbgPiM,02367e6abf56941a429a148ce27b2c0f89022b2f3411fe7c715e83140cecd94994,L35qTTd9D4J5rExtYgWrWsETqcPJnatZ1nYnAceEeZicaHk9wfvp
m/44'/0'/0'/0/61,1JSpv4Y4M3mtwPHnU3XKzg7EfFvvo8dfsY,033f817cb1613357dd20edbb878f76359a25d307961af520d35820d83a33b246cc,KzsL9Tdi3ehByA3vXYiH89U2aNs4GDymomUQm3KhQVYAsBoagdaw
m/44'/0'/0'/0/62,15Hw8RfBQSBApJwxyFKWud9ASEFTpiqFeo,03836b3d2a2a3e1175b8db43fab7cf996a2a9a8e9e205c9d5dd51f2e6adab4349b,L4er42Toei2Ct5n4Fx7BBhTmX7wduhuuLjQECVPHHDFnFtGoJfRA
m/44'/0'/0'/0/63,1EojKSKn8UecRt64AK3jJJJn2TuJ1Kf9ZG,025af3add821fd5f6f2f22b34247ec87127fbeb5bd60fcbde71c6de0d0b2bcc098,L4U5pJW6dwAGNDQry9vh9GMrVig6iHMcbkcTTH4HixgS2dUXMwi2
m/44'/0'/0'/0/64,15eSPbBxrzKiL76Q1kVedCvjFNFsV6Sxs7,028bda02c6eef486d88a421b675975df4a5e0a0b6fd46f0cca42612a496dc886f8,Kx2dyppCUp1hrVcjkzWHpLVuMtNBv1NV6jwwLZN4fCyUJmEKuyfh
m/44'/0'/0'/0/65,13ndsaPqSrKQT3nuycS1X3D5rYYWeSTWgo,0313f95672110f18302d2edb172ab98eaf5907399e8c32e99cc4c6a06080aebba1,L3DdN7MANDtmZbzTBxm1Ygvv1vUraJqJrTeurhhnvRzPVxZCP3Hm
m/44'/0'/0'/0/66,1BXxz1nvnoVRJDvhUVUehGcag6knbq1Yzo,03e75efc6462f21ecb8ef3c90eb554cfd1c221c70578e0fecc297d0dff4e3acd16,L4JnJf151imWRUGjbuGd7Cw4oDq5wEPo8JspbqWPQGQZUgdgskCB
m/44'/0'/0'/0/67,1Pg5mD12Aw2eiYdraejFyRKbgi3ZScB6E9,02b25b5f4aa61d122520be2d080638460fd2edc9cc445707ac3b899a00803e9dcf,L2iSkH3tWUPvYKMb7diX4B8tDTty8dHMDX1mYrxwETuGv6UsLUuU
m/44'/0'/0'/0/68,1FSJersaTybTy7YY3aNyRKBoZsmyEfsAnm,03699b0ae7008d4cc5d0e3db5cb649fa8a9e669bcccc611b7ecab0c849889f63c3,L1pntNE9WXPpAC8aCLoGprqgAqYTkbySdQea4x23F15BVbUBffC7
m/44'/0'/0'/0/69,12SQZ2vTQACMzhbKckisXZz4fwiNvnEHf6,02725eb6ce697f8c8b0835ef8b305b0ce33565c94e433965313efa36509b4741a5,KxBgGCbftZD2mxkKJds9ufD1jNXnxBZmZi8J682UogiszpMHTn6K
m/44'/0'/0'/0/70,1K4hbkjjt6znd4YtTRCUTKQrF5Th6CkQ3V,03fa105078d4c8f733b640624f80f25fbbe76404a1d16f8c27929d71337f4ed79d,KyfDXRbjDNq2gdStBGgKo73wyYicRD9jii7mQPYMdxEnu3taHCos
m/44'/0'/0'/0/71,1MBym8dYPAB1xTkBu7coFfpotT8TrYGDJj,0247980eff4db7de9c2f60ea86f6860e9c545053c8629f179a6499160e82454a34,L3L4M7giTFFLHNdo5bZibqGWiK8nMPBuAisoit3qEBNZWpuxem9q
m/44'/0'/0'/0/72,147eK56BYqQ9zYCmvRruy3WukzftN3cS7Z,0249c700b35afb1a16e3d8fe98eac6a7f96f958d61fb1aeb32274a15602d05a601,L1wCcHtRqUkfxgmGPgHRq12jn9dAvkzxprGTBb3WQwkPYNAAnTzy
m/44'/0'/0'/0/73,1PNFnexjhkmWxWqr1udZWknKeedWz2ZYBj,02fa97da46fd161291a7138455ed1b3e10689794eba84b845b805b5486ccc06116,L1xasvrrhFpnvfE2dik8hRxTupSo73vejEz25nsU8yoByRkBc946
m/44'/0'/0'/0/74,14zYAGk5yEwmVwYWnLLB7dxNzwL5RadXBU,03f643373d40e6548974bee94a8d1c845ddd16bb19ce7ad61e6ae186bf5a7bf662,L5UDXXUSfBb7an6yfBQa6vpR3XuZsDyhP8UkLNzPpanJeZaNDACp
m/44'/0'/0'/0/75,1DNkRx2jXVvQZnuCJssjEZQ6q6vHppZS82,035b88fccc7bce944978260b39ad46a1f2591e5d715444b3c1ef88bb41bfbefd03,L3puym8u5weMSfbbUhuBhn2YgipyuKFLUagibhXM5JsLbKiUC999
m/44'/0'/0'/0/76,1LaD9G46xJtP8qqYRh2jiqmLqqN2wW6AkF,02771ddb4dd0e8abf05343f42b87ab1dea01f832fe800ecd49130afb9caef6347d,KxCgXyo6vybpJmZdM6x8EJ7bb1YccR5oE38LLNfVtNdXTSC69F5z
m/44'/0'/0'/0/77,17xmBPguJ6VrSPKT6kWxhPiva8fuSnw5nv,02ba0d9f3200951bee567586ad14d66cfd9f5b6069266829d21f7ee2e5345d23ee,L2tTKg38vMaEW2R5C4rwLvpRX3rBs38bpXbzFM8mfZsDVmpiFiew
m/44'/0'/0'/0/78,1KcQHwmHB4SHDMxsGGHPsS3e4JBCJaKEbY,0386596a0cd340f5107a325ed0ffcca9f28893afb3bed9a91949e1fbd1cbcaa7e7,L4QdknHv92kjyZbRfkSUnfgCKVEea6mFBgCZDD1Ctvs29xYWy4wf
m/44'/0'/0'/0/79,1NWErxcdf3wrToUUZbe3erZmhizgXKa9jL,024b2f3c4745140dd1a51e8389fc71bafecf1ff3504f83e11bea73d3d612fe2620,Kyp5qqVxhkwvvxLo2nJPvGUVA8smQjzV9A5jk1KwUsJwQU9o3Pcu
m/44'/0'/0'/0/80,16KGv8Ns4JfEYULo4wk6QvfVSTFaoPPx2E,036467056799801366dea8f9d17c3c5769e21f0fbf68189a302c53d0945b1f459d,KyACtNgyFe3oYxaYq9i4mGkXJjmPMTfH69cEZVrRBNxJPWWXRVwM
m/44'/0'/0'/0/81,1BNgePuWTCb27oFJpFbKUvZP9UCTCzKuuj,02b1855e07b0e289a4b4f46b0d99c01c28d5d44683a714fee8cee8716c0ea9b1e9,KywYoXDjQxsXHfvp8HAVEt45dFC53YmPbZTqs9rq12AK86cSSGg4
m/44'/0'/0'/0/82,1DnKVLSxRxVp6GzYjsxnwovztEkzuovaWZ,0271ee58a4376c6c7b3029739c01ccfda32168bae798c96c8bbc1fc6f1c00bac1e,L2LzUnPXbHRdf9EQ4grKywUsbmtcoXfLtQmWPi4mm42EkxuzVrKa
m/44'/0'/0'/0/83,18WYzCjmXVSLZXr2cAPuwsWRy9hWVmWPHH,03cc2d866c498b3198afc097668829eaa19c984e239c190e4abd6ae426b46a0135,L5Dzjrcihkrvh3ntGXw27yrbebHmMgc1J1CQGzV58RM3GXu7U3yx
m/44'/0'/0'/0/84,1KS1STmWTQceXWmPBNxnoGfubbpwWi3RK4,0279c940f737633c5df0e3993ee058fb7b55726f9848959824341c5dec7b68fd0c,L4Xx4d3hbdDSx5V4oZuUiGMj8V8XanBimKm1yWWpsoFu4LBPTDzd
m/44'/0'/0'/0/85,1G2iH26PYxott7KUhMSVZzKc1rucazoP86,03e1bbc59c3733f46897d677c97d6f169bce2dc850789c7e289c4ac73624fa4518,KzpyD78z8ZNRx5mfEUEsvWBZ2pzCW2fA6mk675Gt7WiUbkPZHEEg
m/44'/0'/0'/0/86,1FrDM4kZDG81hjtqApoQKuHGQbL6Yfo2LX,022d5f5752af559e3e34570e0a2881053dd1e2945207482b66367cb0cd1bc6527f,L1RnqUmhVxM78mKWTUa6YjsweHXE4rWKqxamz31xLnsVVgs9ct6W
m/44'/0'/0'/0/87,1HqwpMXKa1pivnrxa1AHzD4nhyBUQqN3hc,02ebf8e63759e558ef2898a3eee104e1ff6d70e7f6b13087a1f23f9c19ad2571d0,KwVnpzjyHH5RfTTwYgnF5ck4RMJEeUkKyED2XR2oa1wmenCXkHd6
m/44'/0'/0'/0/88,1FpMq5V3NBzUTnVQEJPuaMVTDtPp9T84jf,03b49c1fb8d9e0b84de1c8f120016590b3bf5e0e815c33addc60b5559ff5c4dcb2,L4VVyCWY7drK3h3BZBGCZAxxvTYoiorXFaNhWpcykF6d1SaRKXoY
m/44'/0'/0'/0/89,1CchtDeNLK8gG9oMn1HhCFWYXy6UGVnDb6,0248a07474d8acd60f30f92d11af3409a68563217af8abadde02dfff216ca68602,L16ue7Ud3trk7dkXzfD2w8Qjm2ixJUFE1rNrSxxmfdSVVr4eaeCV
m/44'/0'/0'/0/90,1KZRbPsDNiE3W1tMBphsdGcwZSrLiKQzuf,02b4bcf537d0814535b526f2ed4b30135c8dfea5a69aa683eac61b996c8a988fb9,L1JhbyUDHoyi5uXSMNQH61YNkEBK8ngbz12bfAUrscf6qkWob5jU
m/44'/0'/0'/0/91,1KtLvn7fxePH5sAhSiM6UFNNM9xG4Dj6Mc,02d903d293fc907db1ed5cbe294a93cb4846a74d2688762b4d59cc50a076f0ee7f,Kx9aqbE4cT1PhBJyTb1cUY8jEWCch2vv6qg5TAKAM7RKHnDH1tST
m/44'/0'/0'/0/92,1DvKg3BmyPSQPq7rgxKKwdWvyNPrgs7TSS,03f434a8893ee565e7084a9d0064844debb32e29a5b77688b95e60e85e8ce63f02,L5DDp22f4iS8pPT48XsTKpy6S68vov1Gqodzeih7Duc3uaHEDHDx
m/44'/0'/0'/0/93,17DLWhNfj6dZRUr3rPCsCskVmuJ1pHdnif,036287e2bf046fd7800748033c85ba7a6cf558f8c6ef118377cd1c5337a1e96ef8,L2K9X7GZDYtc2gHou7hXugs9jwUdoczbiLckbFGuSb9sGSk3Latm
m/44'/0'/0'/0/94,13NjGbkzx8sKnhVFXrFWhZdC6ojue2oJWH,032a92ea0e230d66e9cdd687afbfc4057eeb70705ece1a9bfc407c1fc4562f8b13,L5S8qSp1K7eN2qEC1cY8yh3xZFrgUTarhA5KwrT1XCedMLtTfM7i
m/44'/0'/0'/0/95,147eZDYnQYjyLvRDL8j5f2x735kuVU3Jqn,03280b650252aab9010b9de724783806a79e43db351946a45ce5c03a2ba0df1edd,L25XGh2ZS4fzbpnDCV47TCSDPTcqX6QzshBbKHzHJ1J9iSo35WMW
m/44'/0'/0'/0/96,1jyKeuZWQZg3HmThvKMpx48SFmbzcHUhj,026bad425cd3ef3629081975d4b3a3a107d3ab8acb65f1d6c7acdf18e166193474,L1K4prqKCKc646heVZVmxzzZEa7WRTnFHJnJgukJuq8HWctdWpFa
m/44'/0'/0'/0/97,1MnXMve7hYf4QtwupbGo49n2qPtPmDRVBy,0343bb20820c29a5ef966ce1e22a07f1101bd390f6f60e77275542d60f54eaa3d6,Kyj6dSHR9LCTvRH2DXXq5HqACYUEztZQqLgpwD8oCdngNYwkd1UY
m/44'/0'/0'/0/98,1PLFUhik5MwfdQYH91TyTL8frW87Fu3U9k,027f05536881172c64105db977b7991d3e6f9384a2cf51ad31ad6947e85291b5d4,KwmD5Zpprw58ZEMJWHGUFGncprX4qn4RsVH2NY2VQDaMc41jhUyJ
m/44'/0'/0'/0/99,1P1VUsKWEFueXq2ZcNFyCup6KK2R4kifWy,028e29b96a81ec557cca013cf615db1062faad529e3652083b142c0487d8b9d635,L146RasNtbc7e3TXkDirSE3XKJ2QniR56B3vWS1y72M8pQMgvrru
m/44'/0'/0'/0/100,1FYUyhjtYeKaTxtisfTr1omVC7NdakR44o,02f499f217767f3af1471276d6870c05549ba8ee50a0b989551f6efc7ce305695e,L3qFe55RmL9seops71ChEpoGzvvCGycjuur3DCxMKxvjMtKbwShk
m/44'/0'/0'/0/101,1ACwcx8KEg8QfamTc15QqZYTHBj83SPQrz,02dba7d871545feddff9c35a47e7b4e7f9da3f2867665d28fd4a3d69793faa0ca4,L5kftjsrXU7KrCBqvWFtWkRVF3ECNP9RmLtLSxKm51LcrngmA3pd
m/44'/0'/0'/0/102,17Xt9xWvi5CV5xD7qiGcHyrtkjWfudaFBR,03efa2a1fc6423b0a5b4e6047af37149f6295ad682ee10436c6f28c6478a48082b,KwYKcXEASJz3yYPikLF24fHoDnXtqPgNWohZtRN9Rxeei4bexqRq
m/44'/0'/0'/0/103,14AjL7DYAPjYjx8D1Bg5xR5E92wNwo2KtS,03c749a94e0b291832ec62599290e92d29de01c881e83436031d0f37d211e4d16c,L3BVu343MCqqfhUaDrgxnmRJLDACPAR6U8veTVDNYeTAMGaKpbZh
m/44'/0'/0'/0/104,1M5oYSr57SoU5XgghE77iHwZEE57GqiWY,0312ae538a1ce12449f81960e9590c2daeb096f0a81b5c6020d8999364c005248a,L3FBMMP4rZQLu23JZ47KAcPoieT5nSsckPLyrE2akWjdjjU9AH4x
m/44'/0'/0'/0/105,16Tgu9A14c8MBAjzuBV8yrNe8Uz2GsaBn6,0347ef26d88b5d990b0cd12d21e646c8b689a7a9fb30cda982987e7de62c0b6e7b,KyAQWmiqT5CWJGNUWGpA3VQKTeRFfLSywd3CvhBnjRCrFNorerUY
m/44'/0'/0'/0/106,1DNVhtNyRWiwTKcS41kXpwJimH1wrUAHVJ,024a715817fad7c99a24357279bd3d6cb9b4c2c54815bff142338de42a22d15e8c,KxJgs9hZYjLJM33WcdvAv4Y5HJyyTntzuc8CEWBcb9npuzvtcd6W
m/44'/0'/0'/0/107,1JQ72rEkStqJhbkKZ3tYevRE36yCzfcJJZ,02b1f2067d23b44e968ff66862007f7207f38cc602354d6eabd2103db7d1f3c97e,KwNGXX69LUNxb3wDWMrVmkEaawQj1NFRtGHFgKobW83JTPJmNbcu
m/44'/0'/0'/0/108,18vx6Md4hcRL25uFVbo9CVUspMC8REE9W1,02d636ec550c378d957324fd1ea998c9098b217181018dd8c2f5f02f9fe71bc517,L5gEsg1GBWEqgZMaVU8badZ9QWUfzczXc7FHcifTX3HaJ4VEJgkP
m/44'/0'/0'/0/109,1GCpuo2fDk9buJqE4UaKVyfeExCSCcpFaX,02a24e7a39f801b02a8c49b4dbeb75c80b0a20103eb50d94495d8c4acd78cbe407,KyNP87L6WytkgWG5qm2PParGNsrktnn1W3wbRC3xrYLwdzcVGbdR
m/44'/0'/0'/0/110,1KARsXoNpkqSKodKzNMCGwGfk3dHvjDJ4S,02952d88fb456f6e674a67a31e3f46fbc25b4637792f404ae74ee75fc5f6ef2f8e,L51cPNoSkaao92qAzXZrY1RamQYzEEszn9RVEifpxnzf4iTBuueH
m/44'/0'/0'/0/111,1PevvNQEUs5svgnZNbKTmZRoxtAZ98df9k,03279703d14dfba546ac858feba2d826d8863091485afade0005a05540fb3f3975,L3YwtKL64PHWD2ZBpP9tyRgJRjNpuA8gFLMA2bTRnkEFmgC43t4f
m/44'/0'/0'/0/112,17Krd3q2oNrU4ccXXcKjjrmyXeY2SnNChG,0234add1315094800e77ace056e20adc142f36e0d27cbcccfb54cfb139a671c59b,KzyHZksfEDsvEN4Nwwmu27vmWoDeWcDkqzPgHhmScvgGJYxYHZVQ
m/44'/0'/0'/0/113,1AsRVWG8pVzQoj4fHM6jBp1ZjP2cYMYcto,02c400db27859cf9cfe94bf3f28eaea01f805bf56987eec133e4143921e8dff181,KxwzC5GMvNdmztskPqHBesegmHnybFBJ2UwQeNYhZNUcLVu7vYLB
m/44'/0'/0'/0/114,1JHCXo5QkiL9NQtU1P4sTmoVMyauxkfXiV,0366f6b02d80708a6c0f9699ced16b69128e799b25300405af19fce05721980706,Kz2ZH75xoaGuFQP6VAALFGEF8Xvy2gyhLRk5ygNhxycrcFZTRDHH
m/44'/0'/0'/0/115,1CznD5Jds2Wfo6XYBXPidy18sXWq9CjLXP,02290a1515c93c244af2561c99331b70f768fca0092541b8b537254441f367115a,KxjXDv4qWPiJAPRaxMWoozRjSQgcdqEgacEKbwBQwceMzvzTHrsq
m/44'/0'/0'/0/116,1Pvb428MVDzHeVN9E9peXVQTMrN7R45Tg6,021a702a5125108b9900eecb1001bca4d29d4da5cbc77951f677272959e4882b2f,KzR9o5Uzn3mTherZUVRRQwfRSY1SJCmnf6uGsG971MHr8nXVj4ix
m/44'/0'/0'/0/117,18ZLUL8Fegrz9ES4C2ASw72xfNxAEjQK5V,022d28feba6a10e3cfd9ef952409423f3a8209989893cf87154ba02c8faa01673a,L1grxoCgD9axJHRS8J976APTvek9PSRZAYiWqWmS3d7siHvhJPpo
m/44'/0'/0'/0/118,1PEbQGh9uCcKXffXJH8f3NXeTAxazhmJHM,02c838fde9dae407866f093673ea3cdb583fbd84af79693a4c7f8a89b01eceeee4,Kym9YZfB45oHDmNLFJoxo4k9EDfiHutp28YbPepTpa7wbNZqpzTp
m/44'/0'/0'/0/119,1LhSEXLe5UknrdrRYhzbjvqQL2erQsUQho,03e701650a56131cc81ca8b2c15ad750e832d7f2418337735ce1c392e84faa590e,L3wGNPwX2bqbg7eWhbaq1WTK9RYzBMLKvb1DtC62iBBWT7PrrXMt