Path,Address,Coin,BIP,isHardened,hasPassword,Balance
"m/44'/0'/0'/0/0",1Q4JTdmXeeifD2ErfVJLA76LSk5KWahbXE,BTC,44,false,false,0.00000000
"m/44'/0'/0'/0/1",1MJ7apkFsZh1K5DGWu2oN2dU8hpVwY5t3p,BTC,44,false,false,0.00000000
"m/44'/0'/0'/0/2",1BWT13LHz6ePUUvFE6AUUVA6LWbZqFcSJj,BTC,44,false,false,0.00000000
"m/44'/0'/0'/0/3",13d3FiKR19bKJ6m46WcuAiQ3KVArfprWBM,BTC,44,false,false,0.00000000
"m/44'/0'/0'/0/4",1HRJVd1wxNL6LJtZCDYxsKYq65igYLRieX,BTC,44,false,false,0.00000000
"m/44'/0'/0'/0/5",18z8ygbsiv4KjxwSz9o2sbTZy32wKbUsif,BTC,44,false,false,0.00000000
"m/44'/0'/0'/0/6",1JfVMqBfBdgjdGSr2DiUKNvqtLtc25XBgS,BTC,44,false,false,0.00000000
"m/44'/0'/0'/0/7",1opL3YfLX6WygKZDWK1oKfjfPmScZ3rbC,BTC,44,false,false,0.00000000
"m/44'/0'/0'/0/8",15uBR87T4F3QMTTuum4rY612rVjDK1Y4jN,BTC,44,false,false,0.00000000
"m/44'/0'/0'/0/9",1HcA5sRCCPUj65bfiHTraGywNLkerwkzDZ,BTC,44,false,false,0.00000000
"m/44'/0'/0'/0/10",1Q7hv7NzkQ2s9mwdwDH5ZsgNHfZdpcxcaV,BTC,44,false,false,0.00000000
"m/44'/0'/0'/0/11",1q8aPVgafkncmpsaYX1hyoQUuyM1b4qGn,BTC,44,false,false,0.00000000
"m/44'/0'/0'/0/12",1NZ3HovtS7jkPhhdo9wv4ikJLBcQxLkgvP,BTC,44,false,false,0.00000000
"m/44'/0'/0'/0/13",13LhWqsXt24AbdBMaWR1eL2YJSMninidr3,BTC,44,false,false,0.00000000
"m/44'/0'/0'/0/14",1NinhWcQV77BEArHmdqNqmS2NVZYnTXffw,BTC,44,false,false,0.00000000
"m/44'/0'/0'/0/15",1PbBYcxgCssoczoKYcMM3gUV8CPEL2aUYB,BTC,44,false,false,0.00000000
"m/44'/0'/0'/0/16",1RNCwJGSf2oQdCd3nVG93xPLGGWtoVfqe,BTC,44,false,false,0.00000000
"m/44'/0'/0'/0/17",1MNRyYCFqKDnj3BXGkBoTmNPJLdoW3uE2i,BTC,44,false,false,0.00000000
"m/44'/0'/0'/0/18",1BDmc99uSn9bxueL7c6Hyp4E8ozHMYX56D,BTC,44,false,false,0.00000000
"m/44'/0'/0'/0/19",168EXNJeLi96YULX3s9zvLfn8iPvhGvLSg,BTC,44,false,false,0.00000000
"m/44'/0'/0'/0/20",1Bho3mNR1Zi5MEr4LYCTrZY3pXRMoEnx1s,BTC,44,false,false,0.00000000
"m/44'/0'/0'/0/21",15ZkLZHHWN2EVfWaJ6Z8T7qJDWKRrR3SZs,BTC,44,false,false,0.00000000
"m/44'/0'/0'/0/22",1BeAjHWRniZCzBHco8u72LQPyr3dWM51M4,BTC,44,false,false,0.00000000
"m/44'/0'/0'/0/23",1LFYhLsVkvqMod8XbxwxEyAUSBcqyCszgp,BTC,44,false,false,0.00000000
"m/44'/0'/0'/0/24",1ADWBXzgjw3JcNh8uZtwKuoVAFAsAtw4Bc,BTC,44,false,false,0.00000000
"m/44'/0'/0'/0/25",13h43xehdGM5dzPcdVfiihsMdXNeBqsmfU,BTC,44,false,false,0.00000000
"m/44'/0'/0'/0/26",1PHRHxDf49EapzRty8tci1uWg9PTMf3vVb,BTC,44,false,false,0.00000000
"m/44'/0'/0'/0/27",16T73yvpZLsuwYiMrHvFbvGQKN4PckAjxE,BTC,44,false,false,0.00000000
"m/44'/0'/0'/0/28",1PidDoHMeYukdDvtxMjbi33m2QbiApM5vP,BTC,44,false,false,0.00000000
"m/44'/0'/0'/0/29",142qDCu5YyZFSs45kG2Ev7rSet8Z7caygf,BTC,44,false,false,0.00000000
"m/44'/0'/0'/0/30",136AsDFxkfuGQCHhKhpcdWW6XfKNVPv4Yd,BTC,44,false,false,0.00000000
"m/44'/0'/0'/0/31",12ZKfb1PRBdsKX1mH8dSZgUPYEPPKv6yKy,BTC,44,false,false,0.00000000
"m/44'/0'/0'/0/32",15airnunVUfanYodqzDNt7gsnqHVcHLjTK,BTC,44,false,false,0.00000000
"m/44'/0'/0'/0/33",1KUsZQua1rXkbUeYHR2hsbaEgqemaiYCod,BTC,44,false,false,0.00000000
"m/44'/0'/0'/0/34",1KBbdhQX9pSDLsbE1gq6od1PNuTQvRDMWF,BTC,44,false,false,0.00000000
"m/44'/0'/0'/0/35",16XGtunTuDKAHDhWkmD4fHNVC1sY1xYU2B,BTC,44,false,false,0.00000000
"m/44'/0'/0'/0/36",1FDkUJWoE2WiBKxukwLCHKn1fK3LaMfYvq,BTC,44,false,false,0.00000000
"m/44'/0'/0'/0/37",1Ec3BhwyfAhZs5qMRa36CLV8tBDsuyWb9k,BTC,44,false,false,0.00000000
"m/44'/0'/0'/0/38",1P6U41TxLKYXfahLpziBpsua2oBHSYD8ky,BTC,44,false,false,0.00000000
"m/44'/0'/0'/0/39",1BG6mJ62Pyy6uCKfk73NvRT682imiddr9W,BTC,44,false,false,0.00000000
"m/44'/0'/0'/0/40",1CNpMCgzSjrqsq6SxFfW2VwHiTsvUbPFUy,BTC,44,false,false,0.00000000
"m/44'/0'/0'/0/41",1Lu7CkXeSsUuNTykoHzDXtfiXfFM1vwqTs,BTC,44,false,false,0.00000000
"m/44'/0'/0'/0/42",1G2fvAa3SkZc2aznsVJVR6TJP6QwAWoCq7,BTC,44,false,false,0.00000000
"m/44'/0'/0'/0/43",16rnJ4mucfm8vV6MzEQ9XWjFx4eTDePMGm,BTC,44,false,false,0.00000000
"m/44'/0'/0'/0/44",12hE6mAwVQDs4wx8Ncv8PnTvNBoYni2m7f,BTC,44,false,false,0.00000000
"m/44'/0'/0'/0/45",193Sx8Jzk5aBU1xj4VKJ9UrmLGqdrtW2FT,BTC,44,false,false,0.00000000
"m/44'/0'/0'/0/46",17V7fRGgUjVGr34D1bK5pdxAEJHtvzfdzo,BTC,44,false,false,0.00000000
"m/44'/0'/0'/0/47",1LjqKbai1KhQDnf35VmC3VfsacdinKrZtG,BTC,44,false,false,0.00000000
"m/44'/0'/0'/0/48",1Kc4C7SByMdgPEXEEUdNRnXBupzmd1fHGG,BTC,44,false,false,0.00000000
"m/44'/0'/0'/0/49",16RKkkVZJpWPSed7G934qF6ALsH9rzAqLF,BTC,44,false,false,0.00000000
"m/44'/0'/0'/0/50",1A6A96aF1UauZe73esvJfpqYDSxkrT3ffW,BTC,44,false,false,0.00000000
"m/44'/0'/0'/0/51",1LhiR4U8n6T2Qfwu3WzqbDpCrR5N2dqm9U,BTC,44,false,false,0.00000000
"m/44'/0'/0'/0/52",12Dx3ypuyUrE9B92asyeCJyxue2mPLVsZi,BTC,44,false,false,0.00000000
"m/44'/0'/0'/0/53",1NLqxsCbFs5g7jf9n5tSSw3wU6vFaxwSTh,BTC,44,false,false,0.00000000
"m/44'/0'/0'/0/54",1H4wYpB8SnrbmPtueYPAEimKjjH5JkzjEL,BTC,44,false,false,0.00000000
"m/44'/0'/0'/0/55",1LasExxyzpJmnAVfqNAc8vgkjngB5XcW6s,BTC,44,false,false,0.00000000
"m/44'/0'/0'/0/56",17w7BwuDKxVAZPiFqtkoXyR5vm3Jz96Zh3,BTC,44,false,false,0.00000000
"m/44'/0'/0'/0/57",1F1nTRXw5DEz3Q5Nyh1GJiueDHt2BtSefx,BTC,44,false,false,0.00000000
"m/44'/0'/0'/0/58",1A9Mjjc7WP6q96ooFsuugwsN3kDziMgqyS,BTC,44,false,false,0.00000000
"m/44'/0'/0'/0/59",12xtNrZ5TKbKkEqkB9pj53CukNihg3XnCv,BTC,44,false,false,0.00000000
"m/44'/0'/0'/0/60",1SDxmL8dnX81fU3rNLsZkCS7ZEJjbgPiM,BTC,44,false,false,0.00000000
"m/44'/0'/0'/0/61",1JSpv4Y4M3mtwPHnU3XKzg7EfFvvo8dfsY,BTC,44,false,false,0.00000000
"m/44'/0'/0'/0/62",15Hw8RfBQSBApJwxyFKWud9ASEFTpiqFeo,BTC,44,false,false,0.00000000
"m/44'/0'/0'/0/63",1EojKSKn8UecRt64AK3jJJJn2TuJ1Kf9ZG,BTC,44,false,false,0.00000000
"m/44'/0'/0'/0/64",15eSPbBxrzKiL76Q1kVedCvjFNFsV6Sxs7,BTC,44,false,false,0.00000000
"m/44'/0'/0'/0/65",13ndsaPqSrKQT3nuycS1X3D5rYYWeSTWgo,BTC,44,false,false,0.00000000
"m/44'/0'/0'/0/66",1BXxz1nvnoVRJDvhUVUehGcag6knbq1Yzo,BTC,44,false,false,0.00000000
"m/44'/0'/0'/0/67",1Pg5mD12Aw2eiYdraejFyRKbgi3ZScB6E9,BTC,44,false,false,0.00000000
"m/44'/0'/0'/0/68",1FSJersaTybTy7YY3aNyRKBoZsmyEfsAnm,BTC,44,false,false,0.00000000
"m/44'/0'/0'/0/69",12SQZ2vTQACMzhbKckisXZz4fwiNvnEHf6,BTC,44,false,false,0.00000000
"m/44'/0'/0'/0/70",1K4hbkjjt6znd4YtTRCUTKQrF5Th6CkQ3V,BTC,44,false,false,0.00000000
"m/44'/0'/0'/0/71",1MBym8dYPAB1xTkBu7coFfpotT8TrYGDJj,BTC,44,false,false,0.00000000
"m/44'/0'/0'/0/72",147eK56BYqQ9zYCmvRruy3WukzftN3cS7Z,BTC,44,false,false,0.00000000
"m/44'/0'/0'/0/73",1PNFnexjhkmWxWqr1udZWknKeedWz2ZYBj,BTC,44,false,false,0.00000000
"m/44'/0'/0'/0/74",14zYAGk5yEwmVwYWnLLB7dxNzwL5RadXBU,BTC,44,false,false,0.00000000
"m/44'/0'/0'/0/75",1DNkRx2jXVvQZnuCJssjEZQ6q6vHppZS82,BTC,44,false,false,0.00000000
"m/44'/0'/0'/0/76",1LaD9G46xJtP8qqYRh2jiqmLqqN2wW6AkF,BTC,44,false,false,0.00000000
"m/44'/0'/0'/0/77",17xmBPguJ6VrSPKT6kWxhPiva8fuSnw5nv,BTC,44,false,false,0.00000000
"m/44'/0'/0'/0/78",1KcQHwmHB4SHDMxsGGHPsS3e4JBCJaKEbY,BTC,44,false,false,0.00000000
"m/44'/0'/0'/0/79",1NWErxcdf3wrToUUZbe3erZmhizgXKa9jL,BTC,44,false,false,0.00000000
"m/44'/0'/0'/0/80",16KGv8Ns4JfEYULo4wk6QvfVSTFaoPPx2E,BTC,44,false,false,0.00000000
"m/44'/0'/0'/0/81",1BNgePuWTCb27oFJpFbKUvZP9UCTCzKuuj,BTC,44,false,false,0.00000000
"m/44'/0'/0'/0/82",1DnKVLSxRxVp6GzYjsxnwovztEkzuovaWZ,BTC,44,false,false,0.00000000
"m/44'/0'/0'/0/83",18WYzCjmXVSLZXr2cAPuwsWRy9hWVmWPHH,BTC,44,false,false,0.00000000
"m/44'/0'/0'/0/84",1KS1STmWTQceXWmPBNxnoGfubbpwWi3RK4,BTC,44,false,false,0.00000000
"m/44'/0'/0'/0/85",1G2iH26PYxott7KUhMSVZzKc1rucazoP86,BTC,44,false,false,0.00000000
"m/44'/0'/0'/0/86",1FrDM4kZDG81hjtqApoQKuHGQbL6Yfo2LX,BTC,44,false,false,0.00000000
"m/44'/0'/0'/0/87",1HqwpMXKa1pivnrxa1AHzD4nhyBUQqN3hc,BTC,44,false,false,0.00000000
"m/44'/0'/0'/0/88",1FpMq5V3NBzUTnVQEJPuaMVTDtPp9T84jf,BTC,44,false,false,0.00000000
"m/44'/0'/0'/0/89",1CchtDeNLK8gG9oMn1HhCFWYXy6UGVnDb6,BTC,44,false,false,0.00000000
"m/44'/0'/0'/0/90",1KZRbPsDNiE3W1tMBphsdGcwZSrLiKQzuf,BTC,44,false,false,0.00000000
"m/44'/0'/0'/0/91",1KtLvn7fxePH5sAhSiM6UFNNM9xG4Dj6Mc,BTC,44,false,false,0.00000000
"m/44'/0'/0'/0/92",1DvKg3BmyPSQPq7rgxKKwdWvyNPrgs7TSS,BTC,44,false,false,0.00000000
"m/44'/0'/0'/0/93",17DLWhNfj6dZRUr3rPCsCskVmuJ1pHdnif,BTC,44,false,false,0.00000000
"m/44'/0'/0'/0/94",13NjGbkzx8sKnhVFXrFWhZdC6ojue2oJWH,BTC,44,false,false,0.00000000
"m/44'/0'/0'/0/95",147eZDYnQYjyLvRDL8j5f2x735kuVU3Jqn,BTC,44,false,false,0.00000000
"m/44'/0'/0'/0/96",1jyKeuZWQZg3HmThvKMpx48SFmbzcHUhj,BTC,44,false,false,0.00000000
"m/44'/0'/0'/0/97",1MnXMve7hYf4QtwupbGo49n2qPtPmDRVBy,BTC,44,false,false,0.00000000
"m/44'/0'/0'/0/98",1PLFUhik5MwfdQYH91TyTL8frW87Fu3U9k,BTC,44,false,false,0.00000000
"m/44'/0'/0'/0/99",1P1VUsKWEFueXq2ZcNFyCup6KK2R4kifWy,BTC,44,false,false,0.00000000
"m/44'/0'/0'/0/100",1FYUyhjtYeKaTxtisfTr1omVC7NdakR44o,BTC,44,false,false,0.00000000
"m/44'/0'/0'/0/101",1ACwcx8KEg8QfamTc15QqZYTHBj83SPQrz,BTC,44,false,false,0.00000000
"m/44'/0'/0'/0/102",17Xt9xWvi5CV5xD7qiGcHyrtkjWfudaFBR,BTC,44,false,false,0.00000000
"m/44'/0'/0'/0/103",14AjL7DYAPjYjx8D1Bg5xR5E92wNwo2KtS,BTC,44,false,false,0.00000000
"m/44'/0'/0'/0/104",1M5oYSr57SoU5XgghE77iHwZEE57GqiWY,BTC,44,false,false,0.00000000
"m/44'/0'/0'/0/105",16Tgu9A14c8MBAjzuBV8yrNe8Uz2GsaBn6,BTC,44,false,false,0.00000000
"m/44'/0'/0'/0/106",1DNVhtNyRWiwTKcS41kXpwJimH1wrUAHVJ,BTC,44,false,false,0.00000000
"m/44'/0'/0'/0/107",1JQ72rEkStqJhbkKZ3tYevRE36yCzfcJJZ,BTC,44,false,false,0.00000000
"m/44'/0'/0'/0/108",18vx6Md4hcRL25uFVbo9CVUspMC8REE9W1,BTC,44,false,false,0.00000000
"m/44'/0'/0'/0/109",1GCpuo2fDk9buJqE4UaKVyfeExCSCcpFaX,BTC,44,false,false,0.00000000
"m/44'/0'/0'/0/110",1KARsXoNpkqSKodKzNMCGwGfk3dHvjDJ4S,BTC,44,false,false,0.00000000
"m/44'/0'/0'/0/111",1PevvNQEUs5svgnZNbKTmZRoxtAZ98df9k,BTC,44,false,false,0.00000000
"m/44'/0'/0'/0/112",17Krd3q2oNrU4ccXXcKjjrmyXeY2SnNChG,BTC,44,false,false,0.00000000
"m/44'/0'/0'/0/113",1AsRVWG8pVzQoj4fHM6jBp1ZjP2cYMYcto,BTC,44,false,false,0.00000000
"m/44'/0'/0'/0/114",1JHCXo5QkiL9NQtU1P4sTmoVMyauxkfXiV,BTC,44,false,false,0.00000000
"m/44'/0'/0'/0/115",1CznD5Jds2Wfo6XYBXPidy18sXWq9CjLXP,BTC,44,false,false,0.00000000
"m/44'/0'/0'/0/116",1Pvb428MVDzHeVN9E9peXVQTMrN7R45Tg6,BTC,44,false,false,0.00000000
"m/44'/0'/0'/0/117",18ZLUL8Fegrz9ES4C2ASw72xfNxAEjQK5V,BTC,44,false,false,0.00000000
"m/44'/0'/0'/0/118",1PEbQGh9uCcKXffXJH8f3NXeTAxazhmJHM,BTC,44,false,false,0.00000000
"m/44'/0'/0'/0/119",1LhSEXLe5UknrdrRYhzbjvqQL2erQsUQho,BTC,44,false,false,0.00000000